id,name,email,position
1,Clement Elington,celington0@google.com.au,Marketing Manager
2,Zebadiah Gregan,zgregan1@list-manage.com,Sales Associate
3,Shadow Haly,shaly2@hatena.ne.jp,Tax Accountant
4,Jarrett Ellacombe,jellacombe3@smh.com.au,Account Coordinator
5,Mehetabel Ash,mash4@google.it,Sales Representative
6,Guglielma Messent,gmessent5@va.gov,Compensation Analyst
7,Erica Penkethman,epenkethman6@icq.com,Marketing Assistant
8,Darren Veck,dveck7@flavors.me,Senior Developer
9,Adler Spykings,aspykings8@cisco.com,Information Systems Manager
10,Sophie Grumbridge,sgrumbridge9@twitpic.com,Administrative Officer
11,Chiquita Wasselin,cwasselina@networksolutions.com,Design Engineer
12,Jessy Petyankin,jpetyankinb@soup.io,Database Administrator II
13,Randee Domonkos,rdomonkosc@msu.edu,Nurse
14,Casi Prandin,cprandind@github.com,Account Coordinator
15,Haleigh Heaselgrave,hheaselgravee@fotki.com,Desktop Support Technician
16,Nickie Borg-Bartolo,nborgbartolof@miibeian.gov.cn,Junior Executive
17,Wilhelm Ferrulli,wferrullig@gmpg.org,Junior Executive
18,Michell Mayor,mmayorh@taobao.com,Geological Engineer
19,Dominga Kesterton,dkestertoni@vk.com,Pharmacist
20,Heath Mylechreest,hmylechreestj@shop-pro.jp,Tax Accountant
21,Boyd Keir,bkeirk@wikimedia.org,Project Manager
22,Doreen Halpeine,dhalpeinel@cnet.com,Sales Representative
23,Aleta Succamore,asuccamorem@over-blog.com,Speech Pathologist
24,Marcelline Tonner,mtonnern@youku.com,Account Representative I
25,Eryn Messom,emessomo@360.cn,Technical Writer
26,Payton Scamal,pscamalp@samsung.com,Automation Specialist I
27,Adrienne Kamenar,akamenarq@last.fm,Quality Control Specialist
28,Mariann Grimsdith,mgrimsdithr@gravatar.com,Statistician I
29,Joelynn Donavan,jdonavans@china.com.cn,Editor
30,Catharine Leaves,cleavest@paginegialle.it,Office Assistant III
31,Dorri Wolfenden,dwolfendenu@google.de,Internal Auditor
32,Fanni O'Halloran,fohalloranv@theatlantic.com,Sales Associate
33,Shoshana MacMaykin,smacmaykinw@upenn.edu,Marketing Assistant
34,Geri Felkin,gfelkinx@opensource.org,Administrative Officer
35,Shandeigh Lomasna,slomasnay@mtv.com,Nurse
36,Sammie Larham,slarhamz@miitbeian.gov.cn,Engineer IV
37,Abram Seagood,aseagood10@cargocollective.com,Physical Therapy Assistant
38,Idalina Bedward,ibedward11@kickstarter.com,Occupational Therapist
39,Zaccaria Fergie,zfergie12@springer.com,Product Engineer
40,Myrle Roalfe,mroalfe13@google.co.uk,Food Chemist
41,Erny Hambers,ehambers14@phpbb.com,Community Outreach Specialist
42,Nahum Warby,nwarby15@geocities.com,Analog Circuit Design manager
43,Benita Zettoi,bzettoi16@icio.us,Human Resources Manager
44,Lloyd Jansey,ljansey17@friendfeed.com,Senior Editor
45,Aigneis Obell,aobell18@ted.com,Internal Auditor
46,Gerald Teaz,gteaz19@bbc.co.uk,Senior Quality Engineer
47,Madel MacRanald,mmacranald1a@ifeng.com,Food Chemist
48,Aldrich Philippeaux,aphilippeaux1b@is.gd,Environmental Specialist
49,Ramonda Schiell,rschiell1c@booking.com,Sales Associate
50,Stillmann Dudin,sdudin1d@freewebs.com,Computer Systems Analyst II
51,Donall Aneley,daneley1e@cargocollective.com,Staff Scientist
52,Estel Brightey,ebrightey1f@house.gov,VP Sales
53,Jock Percifull,jpercifull1g@flavors.me,Geological Engineer
54,Anthe Woodthorpe,awoodthorpe1h@unc.edu,Biostatistician IV
55,Johanna MacTerlagh,jmacterlagh1i@plala.or.jp,Environmental Tech
56,Loni Taffurelli,ltaffurelli1j@vkontakte.ru,Compensation Analyst
57,Rafaela Phizakarley,rphizakarley1k@epa.gov,Compensation Analyst
58,Reuben Feavyour,rfeavyour1l@cnn.com,Geologist II
59,Keary Sherlock,ksherlock1m@mapy.cz,Product Engineer
60,Madelon Bock,mbock1n@dailymail.co.uk,Electrical Engineer
61,Phelia Asquith,pasquith1o@google.com,Senior Editor
62,Valery Persitt,vpersitt1p@webs.com,Registered Nurse
63,Rodney De Nisco,rde1q@ocn.ne.jp,Administrative Assistant II
64,Francesca Flory,fflory1r@infoseek.co.jp,Research Assistant III
65,Karissa Landsman,klandsman1s@dailymotion.com,Sales Associate
66,Misti Van Driel,mvan1t@uiuc.edu,Software Test Engineer II
67,Kirby Adam,kadam1u@lulu.com,Systems Administrator I
68,Tyrus Rosengart,trosengart1v@sphinn.com,Quality Control Specialist
69,Jeff Gurden,jgurden1w@japanpost.jp,Research Assistant III
70,Ardath MacMaykin,amacmaykin1x@addthis.com,Desktop Support Technician
71,Charmine Lewerenz,clewerenz1y@wix.com,Quality Engineer
72,Viviene Rosser,vrosser1z@google.cn,Geological Engineer
73,Rouvin Oehm,roehm20@senate.gov,Senior Developer
74,Angelle Jeacop,ajeacop21@guardian.co.uk,Clinical Specialist
75,Lucky Hartzog,lhartzog22@about.com,Recruiter
76,Wanda Jeppensen,wjeppensen23@newyorker.com,Product Engineer
77,Shani Canning,scanning24@domainmarket.com,Safety Technician II
78,Leanor Coning,lconing25@fc2.com,Nurse Practicioner
79,Zared Gontier,zgontier26@blogspot.com,Associate Professor
80,Stanleigh L' Estrange,sl27@google.co.jp,Research Assistant IV
81,Timmi Fawdrie,tfawdrie28@bloglines.com,Chief Design Engineer
82,Melesa Saltwell,msaltwell29@cloudflare.com,GIS Technical Architect
83,Solly Tabour,stabour2a@whitehouse.gov,Help Desk Technician
84,Ingar Minster,iminster2b@cisco.com,Statistician III
85,Molly Shilling,mshilling2c@stanford.edu,Registered Nurse
86,Nola Castelletto,ncastelletto2d@plala.or.jp,Administrative Assistant II
87,Bonnibelle Conibere,bconibere2e@businessinsider.com,Safety Technician II
88,Chery Mearns,cmearns2f@people.com.cn,Editor
89,Shela Triplett,striplett2g@baidu.com,VP Sales
90,Abran Gilham,agilham2h@alibaba.com,Account Representative IV
91,Emlynn Caudell,ecaudell2i@epa.gov,Accountant IV
92,Inigo Cutridge,icutridge2j@bloglovin.com,Database Administrator II
93,Donny Ferrelli,dferrelli2k@mtv.com,Desktop Support Technician
94,Penny Caddick,pcaddick2l@angelfire.com,Developer IV
95,Kerrin McDougall,kmcdougall2m@typepad.com,Executive Secretary
96,Nicholle MacIntosh,nmacintosh2n@cbsnews.com,Sales Associate
97,Liane Copnar,lcopnar2o@sina.com.cn,Senior Cost Accountant
98,Germana Dineges,gdineges2p@360.cn,Human Resources Assistant I
99,Ericha Stendall,estendall2q@mtv.com,Account Coordinator
100,Enrica McCourt,emccourt2r@about.com,VP Product Management
